customer_id,customer_name,segment,city,state,region
CUST-0001,Ayaan Sharma,Consumer,Chennai,Tamil Nadu,South
CUST-0002,Krishna Sawant,Corporate,Jaipur,Rajasthan,West
CUST-0003,Riya Gupta,Consumer,Ranchi,Jharkhand,East
CUST-0004,Sai Jain,Consumer,Dehradun,Uttarakhand,North
CUST-0005,Vivaan Kulkarni,Corporate,Gurugram,Haryana,North
CUST-0006,Riya Shaikh,Consumer,Dehradun,Uttarakhand,North
CUST-0007,Kavya Pandey,Corporate,Mumbai,Maharashtra,West
CUST-0008,Ananya Bhosale,Consumer,Ranchi,Jharkhand,East
CUST-0009,Ishaan Jain,Consumer,Mysuru,Karnataka,South
CUST-0010,Nikhil Verma,Home Office,Coimbatore,Tamil Nadu,South
CUST-0011,Nandini Nair,Corporate,Navi Mumbai,Maharashtra,West
CUST-0012,Riya Verma,Consumer,Kolkata,West Bengal,East
CUST-0013,Avni Agarwal,Corporate,Puducherry,Puducherry,South
CUST-0014,Arjun Patel,Corporate,Dehradun,Uttarakhand,North
CUST-0015,Sai Bansal,Home Office,Dehradun,Uttarakhand,North
CUST-0016,Nikhil Nair,Corporate,Gangtok,Sikkim,East
CUST-0017,Pranav Yadav,Consumer,Puducherry,Puducherry,South
CUST-0018,Kavya Bhosale,Corporate,Ahmedabad,Gujarat,West
CUST-0019,Ananya Kulkarni,Consumer,Shimla,Himachal Pradesh,North
CUST-0020,Nikhil Nair 20,Corporate,Dehradun,Uttarakhand,North
CUST-0021,Vihaan Mehta,Home Office,Navi Mumbai,Maharashtra,West
CUST-0022,Amit Nair,Consumer,Ahmedabad,Gujarat,West
CUST-0023,Isha Saxena,Consumer,Vijayawada,Andhra Pradesh,South
CUST-0024,Pooja Khan,Consumer,Gangtok,Sikkim,East
CUST-0025,Krishna Mehta,Corporate,Bengaluru,Karnataka,South
CUST-0026,Omkar Saxena,Consumer,Bhubaneswar,Odisha,East
CUST-0027,Krishna Joshi,Consumer,Raipur,Chhattisgarh,Central
CUST-0028,Vihaan Bansal,Consumer,Panaji,Goa,West
CUST-0029,Ananya Pandey,Corporate,Ranchi,Jharkhand,East
CUST-0030,Nikhil Khan,Consumer,Gangtok,Sikkim,East
CUST-0031,Meera Bansal,Corporate,Mumbai,Maharashtra,West
CUST-0032,Ayaan Kadam,Corporate,Chennai,Tamil Nadu,South
CUST-0033,Rohan Verma,Consumer,Hyderabad,Telangana,South
CUST-0034,Yash Sharma,Small Business,Bengaluru,Karnataka,South
CUST-0035,Diya Joshi,Home Office,Jaipur,Rajasthan,West
CUST-0036,Rekha Agarwal,Consumer,Gurugram,Haryana,North
CUST-0037,Ananya Kulkarni 37,Corporate,Mumbai,Maharashtra,West
CUST-0038,Pooja Sharma,Small Business,Panaji,Goa,West
CUST-0039,Rekha Mehta,Consumer,Nagpur,Maharashtra,West
CUST-0040,Isha Gupta,Corporate,Surat,Gujarat,West
CUST-0041,Arjun Mishra,Consumer,New Delhi,Delhi,North
CUST-0042,Sneha Kulkarni,Consumer,Noida,Uttar Pradesh,North
CUST-0043,Nandini Shaikh,Small Business,Chandigarh,Chandigarh,North
CUST-0044,Aadhya Bhosale,Consumer,Kochi,Kerala,South
CUST-0045,Pranav Ansari,Consumer,Guwahati,Assam,East
CUST-0046,Myra Gupta,Consumer,Mysuru,Karnataka,South
CUST-0047,Meera Mehta,Consumer,Dehradun,Uttarakhand,North
CUST-0048,Vihaan Mehta 48,Home Office,Ahmedabad,Gujarat,West
CUST-0049,Rohan Gupta,Consumer,Shimla,Himachal Pradesh,North
CUST-0050,Pooja Jain,Corporate,New Delhi,Delhi,North
CUST-0051,Isha Patil,Consumer,Agartala,Tripura,East
CUST-0052,Sneha Pandey,Consumer,Patna,Bihar,East
CUST-0053,Reyansh Kadam,Consumer,Ranchi,Jharkhand,East
CUST-0054,Kunal Ansari,Corporate,Nagpur,Maharashtra,West
CUST-0055,Reyansh Patel,Corporate,Bhubaneswar,Odisha,East
CUST-0056,Reyansh Mehta,Consumer,Gurugram,Haryana,North
CUST-0057,Saurabh Singh,Consumer,Ranchi,Jharkhand,East
CUST-0058,Yash Mehta,Consumer,Ahmedabad,Gujarat,West
CUST-0059,Meera Verma,Corporate,Nagpur,Maharashtra,West
CUST-0060,Riya Agarwal,Small Business,Mumbai,Maharashtra,West
CUST-0061,Ira Yadav,Consumer,Patna,Bihar,East
CUST-0062,Saanvi Bansal,Home Office,Bhubaneswar,Odisha,East
CUST-0063,Ananya Khan,Small Business,Mumbai,Maharashtra,West
CUST-0064,Anika Malhotra,Consumer,Gangtok,Sikkim,East
CUST-0065,Meera Kadam,Consumer,Raipur,Chhattisgarh,Central
CUST-0066,Avni Jain,Corporate,Nagpur,Maharashtra,West
CUST-0067,Riya Patel,Consumer,Vijayawada,Andhra Pradesh,South
CUST-0068,Kritika Deshmukh,Consumer,Noida,Uttar Pradesh,North
CUST-0069,Neha Gupta,Consumer,Ludhiana,Punjab,North
CUST-0070,Arjun Kadam,Consumer,Shimla,Himachal Pradesh,North
CUST-0071,Isha Mehta,Corporate,Navi Mumbai,Maharashtra,West
CUST-0072,Kunal Kadam,Small Business,Vijayawada,Andhra Pradesh,South
CUST-0073,Saanvi Kadam,Consumer,Vijayawada,Andhra Pradesh,South
CUST-0074,Amit Singh,Consumer,Kochi,Kerala,South
CUST-0075,Arjun Sharma,Corporate,Gangtok,Sikkim,East
CUST-0076,Isha Verma,Consumer,Ahmedabad,Gujarat,West
CUST-0077,Neha Nair,Small Business,New Delhi,Delhi,North
CUST-0078,Arjun Saxena,Consumer,Shimla,Himachal Pradesh,North
CUST-0079,Ananya Ansari,Corporate,Kochi,Kerala,South
CUST-0080,Priya Sharma,Small Business,Kochi,Kerala,South
CUST-0081,Reyansh Saxena,Consumer,New Delhi,Delhi,North
CUST-0082,Reyansh Sawant,Consumer,Lucknow,Uttar Pradesh,North
CUST-0083,Nandini Jain,Consumer,Mysuru,Karnataka,South
CUST-0084,Anika Joshi,Consumer,Raipur,Chhattisgarh,Central
CUST-0085,Vihaan Gupta,Home Office,Ranchi,Jharkhand,East
CUST-0086,Aditya Sharma,Corporate,Mysuru,Karnataka,South
CUST-0087,Anika Yadav,Corporate,Guwahati,Assam,East
CUST-0088,Omkar Kulkarni,Consumer,Mumbai,Maharashtra,West
CUST-0089,Ishaan Kulkarni,Home Office,Navi Mumbai,Maharashtra,West
CUST-0090,Kritika Kulkarni,Consumer,Lucknow,Uttar Pradesh,North
CUST-0091,Aditya Iyer,Home Office,Puducherry,Puducherry,South
CUST-0092,Aditya Saxena,Consumer,Coimbatore,Tamil Nadu,South
CUST-0093,Ira Kadam,Consumer,Jaipur,Rajasthan,West
CUST-0094,Meera Saxena,Small Business,Patna,Bihar,East
CUST-0095,Ishaan Malhotra,Home Office,Shimla,Himachal Pradesh,North
CUST-0096,Diya Saxena,Consumer,Patna,Bihar,East
CUST-0097,Rohan Pandey,Home Office,Patna,Bihar,East
CUST-0098,Ira Nair,Corporate,Noida,Uttar Pradesh,North
CUST-0099,Reyansh Khan,Home Office,Navi Mumbai,Maharashtra,West
CUST-0100,Myra Jain,Consumer,Gangtok,Sikkim,East
CUST-0101,Myra Mehta,Corporate,Pune,Maharashtra,West
CUST-0102,Amit Reddy,Home Office,Chennai,Tamil Nadu,South
CUST-0103,Kavya Pillai,Corporate,Bhubaneswar,Odisha,East
CUST-0104,Riya Reddy,Consumer,Pune,Maharashtra,West
CUST-0105,Anika Yadav 105,Consumer,Bengaluru,Karnataka,South
CUST-0106,Nandini Shaikh 106,Corporate,Coimbatore,Tamil Nadu,South
CUST-0107,Siddhesh Shaikh,Consumer,Panaji,Goa,West
CUST-0108,Isha Jain,Consumer,Bengaluru,Karnataka,South
CUST-0109,Omkar Sharma,Consumer,Gurugram,Haryana,North
CUST-0110,Arjun Kadam 110,Corporate,Mysuru,Karnataka,South
CUST-0111,Ayaan Sawant,Consumer,Kochi,Kerala,South
CUST-0112,Kunal Reddy,Corporate,Bhubaneswar,Odisha,East
CUST-0113,Meera Singh,Consumer,Gurugram,Haryana,North
CUST-0114,Nikhil Kadam,Corporate,Ludhiana,Punjab,North
CUST-0115,Rekha Khan,Consumer,Mumbai,Maharashtra,West
CUST-0116,Saanvi Shaikh,Consumer,Vijayawada,Andhra Pradesh,South
CUST-0117,Saurabh Kadam,Consumer,Chandigarh,Chandigarh,North
CUST-0118,Ananya Kadam,Consumer,Surat,Gujarat,West
CUST-0119,Sakshi Reddy,Home Office,Surat,Gujarat,West
CUST-0120,Ira Kadam 120,Consumer,Kochi,Kerala,South
CUST-0121,Aadhya Singh,Consumer,Pune,Maharashtra,West
CUST-0122,Sneha Machale,Consumer,Ahmedabad,Gujarat,West
CUST-0123,Isha Jain 123,Consumer,Kolkata,West Bengal,East
CUST-0124,Ira Singh,Home Office,Mumbai,Maharashtra,West
CUST-0125,Reyansh Mishra,Consumer,Ranchi,Jharkhand,East
CUST-0126,Priya Ansari,Corporate,Nagpur,Maharashtra,West
CUST-0127,Ayaan Ansari,Home Office,New Delhi,Delhi,North
CUST-0128,Priya Kulkarni,Small Business,Vijayawada,Andhra Pradesh,South
CUST-0129,Saurabh Machale,Home Office,Ranchi,Jharkhand,East
CUST-0130,Meera Ansari,Corporate,Noida,Uttar Pradesh,North
CUST-0131,Sneha Ansari,Corporate,Bengaluru,Karnataka,South
CUST-0132,Kavya Mishra,Corporate,Raipur,Chhattisgarh,Central
CUST-0133,Kavya Ansari,Corporate,Ahmedabad,Gujarat,West
CUST-0134,Ira Nair 134,Consumer,Mysuru,Karnataka,South
CUST-0135,Riya Gupta 135,Consumer,New Delhi,Delhi,North
CUST-0136,Nikhil Bhosale,Corporate,Lucknow,Uttar Pradesh,North
CUST-0137,Arjun Shaikh,Consumer,Patna,Bihar,East
CUST-0138,Yash Shaikh,Consumer,Nagpur,Maharashtra,West
CUST-0139,Kunal Khan,Home Office,Pune,Maharashtra,West
CUST-0140,Isha Khan,Consumer,Agartala,Tripura,East
CUST-0141,Rahul Iyer,Home Office,Kolkata,West Bengal,East
CUST-0142,Kunal Kulkarni,Consumer,Dehradun,Uttarakhand,North
CUST-0143,Kavya Shaikh,Consumer,Raipur,Chhattisgarh,Central
CUST-0144,Rohan Kadam,Corporate,Bhubaneswar,Odisha,East
CUST-0145,Yash Malhotra,Small Business,New Delhi,Delhi,North
CUST-0146,Riya Sharma,Corporate,Bhubaneswar,Odisha,East
CUST-0147,Vivaan Gupta,Consumer,Ranchi,Jharkhand,East
CUST-0148,Yash Yadav,Consumer,Nagpur,Maharashtra,West
CUST-0149,Siddhesh Jain,Consumer,Gangtok,Sikkim,East
CUST-0150,Nikhil Nair 150,Consumer,Patna,Bihar,East
CUST-0151,Sai Deshmukh,Corporate,Pune,Maharashtra,West
CUST-0152,Vihaan Pillai,Corporate,Dehradun,Uttarakhand,North
CUST-0153,Aditya Mishra,Small Business,Pune,Maharashtra,West
CUST-0154,Aadhya Agarwal,Corporate,Pune,Maharashtra,West
CUST-0155,Ira Singh 155,Corporate,Agartala,Tripura,East
CUST-0156,Isha Jain 156,Corporate,Gangtok,Sikkim,East
CUST-0157,Pranav Yadav 157,Corporate,Panaji,Goa,West
CUST-0158,Ananya Iyer,Corporate,Jaipur,Rajasthan,West
CUST-0159,Rekha Patil,Consumer,Kolkata,West Bengal,East
CUST-0160,Aadhya Gupta,Consumer,Shimla,Himachal Pradesh,North
CUST-0161,Rekha Bansal,Corporate,Panaji,Goa,West
CUST-0162,Isha Pandey,Consumer,Navi Mumbai,Maharashtra,West
CUST-0163,Omkar Kadam,Consumer,Puducherry,Puducherry,South
CUST-0164,Rohan Sharma,Home Office,Patna,Bihar,East
CUST-0165,Reyansh Shaikh,Corporate,Puducherry,Puducherry,South
CUST-0166,Yash Bhosale,Consumer,Lucknow,Uttar Pradesh,North
CUST-0167,Priya Chavan,Corporate,Chennai,Tamil Nadu,South
CUST-0168,Riya Mishra,Consumer,Agartala,Tripura,East
CUST-0169,Kritika Nair,Home Office,Vijayawada,Andhra Pradesh,South
CUST-0170,Sai Nair,Consumer,Guwahati,Assam,East
CUST-0171,Yash Patil,Consumer,Kolkata,West Bengal,East
CUST-0172,Pooja Bansal,Consumer,Vijayawada,Andhra Pradesh,South
CUST-0173,Saanvi Pillai,Consumer,Bengaluru,Karnataka,South
CUST-0174,Nandini Bhosale,Corporate,Chennai,Tamil Nadu,South
CUST-0175,Priya Jain,Consumer,Surat,Gujarat,West
CUST-0176,Kunal Deshmukh,Corporate,Shimla,Himachal Pradesh,North
CUST-0177,Pooja Ansari,Consumer,Pune,Maharashtra,West
CUST-0178,Myra Khan,Consumer,Shimla,Himachal Pradesh,North
CUST-0179,Kritika Pillai,Corporate,Agartala,Tripura,East
CUST-0180,Rahul Shaikh,Consumer,Mysuru,Karnataka,South
CUST-0181,Yash Nair,Consumer,Kochi,Kerala,South
CUST-0182,Ayaan Sawant 182,Consumer,Gurugram,Haryana,North
CUST-0183,Riya Mishra 183,Consumer,Ludhiana,Punjab,North
CUST-0184,Sneha Nair,Small Business,Hyderabad,Telangana,South
CUST-0185,Aadhya Iyer,Consumer,Dehradun,Uttarakhand,North
CUST-0186,Rekha Sharma,Consumer,New Delhi,Delhi,North
CUST-0187,Vihaan Kulkarni,Corporate,Hyderabad,Telangana,South
CUST-0188,Krishna Chavan,Consumer,Raipur,Chhattisgarh,Central
CUST-0189,Aarav Patil,Consumer,Hyderabad,Telangana,South
CUST-0190,Saurabh Reddy,Small Business,Ludhiana,Punjab,North
CUST-0191,Anika Bansal,Consumer,Agartala,Tripura,East
CUST-0192,Arjun Khan,Consumer,Raipur,Chhattisgarh,Central
CUST-0193,Vihaan Singh,Home Office,Lucknow,Uttar Pradesh,North
CUST-0194,Rekha Gupta,Consumer,Shimla,Himachal Pradesh,North
CUST-0195,Kunal Machale,Corporate,Dehradun,Uttarakhand,North
CUST-0196,Nikhil Ansari,Consumer,Guwahati,Assam,East
CUST-0197,Kritika Shaikh,Corporate,Kochi,Kerala,South
CUST-0198,Vihaan Machale,Small Business,Jaipur,Rajasthan,West
CUST-0199,Saanvi Chavan,Consumer,Chandigarh,Chandigarh,North
CUST-0200,Sai Yadav,Consumer,Shimla,Himachal Pradesh,North
CUST-0201,Arjun Yadav,Consumer,Mumbai,Maharashtra,West
CUST-0202,Nandini Deshmukh,Consumer,Hyderabad,Telangana,South
CUST-0203,Avni Bhosale,Corporate,Hyderabad,Telangana,South
CUST-0204,Yash Gupta,Small Business,Dehradun,Uttarakhand,North
CUST-0205,Kritika Kadam,Consumer,Gurugram,Haryana,North
CUST-0206,Riya Mehta,Home Office,Lucknow,Uttar Pradesh,North
CUST-0207,Ishaan Gupta,Consumer,Nagpur,Maharashtra,West
CUST-0208,Rekha Machale,Consumer,Hyderabad,Telangana,South
CUST-0209,Yash Bhosale 209,Corporate,Kochi,Kerala,South
CUST-0210,Kavya Joshi,Consumer,Raipur,Chhattisgarh,Central
CUST-0211,Nandini Patel,Corporate,Ranchi,Jharkhand,East
CUST-0212,Nandini Nair 212,Consumer,Pune,Maharashtra,West
CUST-0213,Isha Patil 213,Small Business,Pune,Maharashtra,West
CUST-0214,Kavya Patil,Corporate,Navi Mumbai,Maharashtra,West
CUST-0215,Diya Deshmukh,Home Office,Guwahati,Assam,East
CUST-0216,Diya Patil,Corporate,Ranchi,Jharkhand,East
CUST-0217,Pooja Gupta,Consumer,Agartala,Tripura,East
CUST-0218,Rohan Reddy,Home Office,Jaipur,Rajasthan,West
CUST-0219,Rohan Shaikh,Consumer,Raipur,Chhattisgarh,Central
CUST-0220,Amit Agarwal,Consumer,Navi Mumbai,Maharashtra,West
CUST-0221,Siddhesh Nair,Consumer,Vijayawada,Andhra Pradesh,South
CUST-0222,Amit Bansal,Corporate,Mumbai,Maharashtra,West
CUST-0223,Riya Ansari,Consumer,Patna,Bihar,East
CUST-0224,Priya Pillai,Corporate,Raipur,Chhattisgarh,Central
CUST-0225,Vihaan Jain,Consumer,Chennai,Tamil Nadu,South
CUST-0226,Avni Ansari,Consumer,Raipur,Chhattisgarh,Central
CUST-0227,Nandini Pandey,Corporate,Shimla,Himachal Pradesh,North
CUST-0228,Rekha Kulkarni,Corporate,Mumbai,Maharashtra,West
CUST-0229,Sai Mehta,Consumer,Panaji,Goa,West
CUST-0230,Ayaan Chavan,Consumer,Lucknow,Uttar Pradesh,North
CUST-0231,Avni Joshi,Consumer,Chennai,Tamil Nadu,South
CUST-0232,Sneha Deshmukh,Consumer,Shimla,Himachal Pradesh,North
CUST-0233,Ishaan Khan,Small Business,Gurugram,Haryana,North
CUST-0234,Neha Sawant,Home Office,New Delhi,Delhi,North
CUST-0235,Kavya Mishra 235,Consumer,Patna,Bihar,East
CUST-0236,Neha Nair 236,Consumer,Mumbai,Maharashtra,West
CUST-0237,Rekha Agarwal 237,Home Office,Raipur,Chhattisgarh,Central
CUST-0238,Saurabh Kulkarni,Consumer,Agartala,Tripura,East
CUST-0239,Meera Mishra,Consumer,Kolkata,West Bengal,East
CUST-0240,Siddhesh Bansal,Small Business,Gurugram,Haryana,North
CUST-0241,Ira Patil,Consumer,Kolkata,West Bengal,East
CUST-0242,Kunal Patel,Corporate,Vijayawada,Andhra Pradesh,South
CUST-0243,Nikhil Khan 243,Consumer,Lucknow,Uttar Pradesh,North
CUST-0244,Aditya Singh,Home Office,Mysuru,Karnataka,South
CUST-0245,Saurabh Verma,Consumer,Gangtok,Sikkim,East
CUST-0246,Ishaan Shaikh,Consumer,Lucknow,Uttar Pradesh,North
CUST-0247,Anika Reddy,Corporate,Bhubaneswar,Odisha,East
CUST-0248,Rohan Bansal,Small Business,Kolkata,West Bengal,East
CUST-0249,Pooja Bansal 249,Corporate,Navi Mumbai,Maharashtra,West
CUST-0250,Ira Chavan,Small Business,Hyderabad,Telangana,South
CUST-0251,Sai Shaikh,Corporate,Jaipur,Rajasthan,West
CUST-0252,Reyansh Ansari,Corporate,Noida,Uttar Pradesh,North
CUST-0253,Vivaan Patel,Corporate,Vijayawada,Andhra Pradesh,South
CUST-0254,Avni Pillai,Consumer,Puducherry,Puducherry,South
CUST-0255,Ira Joshi,Corporate,Patna,Bihar,East
CUST-0256,Diya Yadav,Consumer,Ludhiana,Punjab,North
CUST-0257,Nikhil Machale,Consumer,Shimla,Himachal Pradesh,North
CUST-0258,Kritika Singh,Consumer,Dehradun,Uttarakhand,North
CUST-0259,Anika Ansari,Corporate,Bengaluru,Karnataka,South
CUST-0260,Yash Saxena,Corporate,Hyderabad,Telangana,South
CUST-0261,Ananya Gupta,Small Business,Guwahati,Assam,East
CUST-0262,Kritika Iyer,Corporate,Ranchi,Jharkhand,East
CUST-0263,Yash Bansal,Consumer,Kochi,Kerala,South
CUST-0264,Nikhil Bansal,Consumer,Agartala,Tripura,East
CUST-0265,Nikhil Patil,Corporate,Coimbatore,Tamil Nadu,South
CUST-0266,Avni Sharma,Consumer,Bhubaneswar,Odisha,East
CUST-0267,Isha Bansal,Home Office,Nagpur,Maharashtra,West
CUST-0268,Pooja Agarwal,Corporate,Hyderabad,Telangana,South
CUST-0269,Myra Machale,Consumer,Coimbatore,Tamil Nadu,South
CUST-0270,Aadhya Machale,Corporate,Bengaluru,Karnataka,South
CUST-0271,Krishna Chavan 271,Home Office,Jaipur,Rajasthan,West
CUST-0272,Aditya Iyer 272,Consumer,Guwahati,Assam,East
CUST-0273,Pranav Sawant,Consumer,New Delhi,Delhi,North
CUST-0274,Avni Reddy,Consumer,Patna,Bihar,East
CUST-0275,Krishna Pandey,Consumer,Puducherry,Puducherry,South
CUST-0276,Kavya Agarwal,Consumer,Noida,Uttar Pradesh,North
CUST-0277,Sneha Pandey 277,Corporate,Hyderabad,Telangana,South
CUST-0278,Rohan Pandey 278,Consumer,Panaji,Goa,West
CUST-0279,Arjun Singh,Home Office,Dehradun,Uttarakhand,North
CUST-0280,Amit Bansal 280,Consumer,Puducherry,Puducherry,South
CUST-0281,Amit Sharma,Consumer,Bengaluru,Karnataka,South
CUST-0282,Yash Pillai,Corporate,Bengaluru,Karnataka,South
CUST-0283,Pranav Verma,Consumer,Dehradun,Uttarakhand,North
CUST-0284,Sakshi Saxena,Home Office,Vijayawada,Andhra Pradesh,South
CUST-0285,Myra Chavan,Corporate,Ahmedabad,Gujarat,West
CUST-0286,Yash Malhotra 286,Corporate,Kochi,Kerala,South
CUST-0287,Ayaan Singh,Small Business,Navi Mumbai,Maharashtra,West
CUST-0288,Rekha Deshmukh,Consumer,Panaji,Goa,West
CUST-0289,Riya Singh,Consumer,Kolkata,West Bengal,East
CUST-0290,Riya Shaikh 290,Home Office,Lucknow,Uttar Pradesh,North
CUST-0291,Reyansh Agarwal,Corporate,Raipur,Chhattisgarh,Central
CUST-0292,Kavya Patel,Consumer,Puducherry,Puducherry,South
CUST-0293,Saurabh Mehta,Consumer,Puducherry,Puducherry,South
CUST-0294,Pranav Kulkarni,Consumer,Coimbatore,Tamil Nadu,South
CUST-0295,Kavya Jain,Small Business,Panaji,Goa,West
CUST-0296,Yash Gupta 296,Corporate,Chandigarh,Chandigarh,North
CUST-0297,Nandini Sharma,Corporate,Nagpur,Maharashtra,West
CUST-0298,Ira Singh 298,Consumer,Chandigarh,Chandigarh,North
CUST-0299,Meera Jain,Home Office,Chandigarh,Chandigarh,North
CUST-0300,Myra Reddy,Corporate,Lucknow,Uttar Pradesh,North
CUST-0301,Nandini Sharma 301,Home Office,Chennai,Tamil Nadu,South
CUST-0302,Ishaan Singh,Corporate,Bengaluru,Karnataka,South
CUST-0303,Ayaan Kadam 303,Consumer,Pune,Maharashtra,West
CUST-0304,Rahul Pandey,Corporate,Shimla,Himachal Pradesh,North
CUST-0305,Vivaan Yadav,Consumer,Bengaluru,Karnataka,South
CUST-0306,Kunal Joshi,Corporate,Panaji,Goa,West
CUST-0307,Sneha Ansari 307,Consumer,Puducherry,Puducherry,South
CUST-0308,Reyansh Ansari 308,Small Business,Dehradun,Uttarakhand,North
CUST-0309,Aditya Sawant,Consumer,Kochi,Kerala,South
CUST-0310,Vivaan Patel 310,Home Office,Agartala,Tripura,East
CUST-0311,Omkar Kadam 311,Consumer,Jaipur,Rajasthan,West
CUST-0312,Saurabh Gupta,Consumer,Surat,Gujarat,West
CUST-0313,Ishaan Gupta 313,Consumer,New Delhi,Delhi,North
CUST-0314,Kritika Kulkarni 314,Consumer,Vijayawada,Andhra Pradesh,South
CUST-0315,Nandini Joshi,Consumer,Hyderabad,Telangana,South
CUST-0316,Nandini Shaikh 316,Corporate,Jaipur,Rajasthan,West
CUST-0317,Ayaan Bansal,Consumer,Chandigarh,Chandigarh,North
CUST-0318,Myra Shaikh,Home Office,Mysuru,Karnataka,South
CUST-0319,Amit Shaikh,Consumer,Jaipur,Rajasthan,West
CUST-0320,Siddhesh Kadam,Consumer,Bengaluru,Karnataka,South
CUST-0321,Ishaan Kadam,Consumer,Agartala,Tripura,East
CUST-0322,Sai Gupta,Consumer,Ranchi,Jharkhand,East
CUST-0323,Pranav Pandey,Corporate,New Delhi,Delhi,North
CUST-0324,Kritika Kulkarni 324,Corporate,Mysuru,Karnataka,South
CUST-0325,Kunal Pillai,Home Office,Ranchi,Jharkhand,East
CUST-0326,Vihaan Iyer,Consumer,Kochi,Kerala,South
CUST-0327,Isha Joshi,Consumer,Chandigarh,Chandigarh,North
CUST-0328,Sneha Mehta,Consumer,Jaipur,Rajasthan,West
CUST-0329,Meera Pillai,Corporate,Panaji,Goa,West
CUST-0330,Isha Mehta 330,Home Office,Ranchi,Jharkhand,East
CUST-0331,Sakshi Machale,Corporate,Pune,Maharashtra,West
CUST-0332,Kavya Sharma,Consumer,Ludhiana,Punjab,North
CUST-0333,Rekha Malhotra,Consumer,Mysuru,Karnataka,South
CUST-0334,Diya Bansal,Corporate,Lucknow,Uttar Pradesh,North
CUST-0335,Amit Gupta,Corporate,Lucknow,Uttar Pradesh,North
CUST-0336,Vivaan Gupta 336,Consumer,Chandigarh,Chandigarh,North
CUST-0337,Yash Reddy,Consumer,Noida,Uttar Pradesh,North
CUST-0338,Siddhesh Mishra,Home Office,Surat,Gujarat,West
CUST-0339,Ishaan Yadav,Corporate,Nagpur,Maharashtra,West
CUST-0340,Kavya Ansari 340,Consumer,Ranchi,Jharkhand,East
CUST-0341,Saurabh Shaikh,Consumer,Chennai,Tamil Nadu,South
CUST-0342,Neha Verma,Consumer,Coimbatore,Tamil Nadu,South
CUST-0343,Avni Kadam,Consumer,Raipur,Chhattisgarh,Central
CUST-0344,Rekha Patel,Consumer,Dehradun,Uttarakhand,North
CUST-0345,Nandini Patel 345,Consumer,Mumbai,Maharashtra,West
CUST-0346,Saanvi Mishra,Corporate,New Delhi,Delhi,North
CUST-0347,Avni Reddy 347,Consumer,Panaji,Goa,West
CUST-0348,Omkar Yadav,Consumer,New Delhi,Delhi,North
CUST-0349,Myra Joshi,Consumer,Coimbatore,Tamil Nadu,South
CUST-0350,Aditya Shaikh,Consumer,Pune,Maharashtra,West
CUST-0351,Arjun Bansal,Corporate,Vijayawada,Andhra Pradesh,South
CUST-0352,Isha Khan 352,Consumer,Patna,Bihar,East
CUST-0353,Amit Sharma 353,Consumer,Vijayawada,Andhra Pradesh,South
CUST-0354,Sakshi Ansari,Consumer,Puducherry,Puducherry,South
CUST-0355,Reyansh Mehta 355,Corporate,Ranchi,Jharkhand,East
CUST-0356,Priya Gupta,Home Office,Bhubaneswar,Odisha,East
CUST-0357,Rohan Mehta,Corporate,Mysuru,Karnataka,South
CUST-0358,Arjun Joshi,Consumer,Panaji,Goa,West
CUST-0359,Aadhya Saxena,Consumer,Coimbatore,Tamil Nadu,South
CUST-0360,Ishaan Mehta,Consumer,Jaipur,Rajasthan,West
CUST-0361,Aadhya Yadav,Corporate,Lucknow,Uttar Pradesh,North
CUST-0362,Arjun Yadav 362,Consumer,Raipur,Chhattisgarh,Central
CUST-0363,Isha Mishra,Corporate,Guwahati,Assam,East
CUST-0364,Isha Chavan,Home Office,Vijayawada,Andhra Pradesh,South
CUST-0365,Siddhesh Singh,Consumer,Guwahati,Assam,East
CUST-0366,Saurabh Chavan,Corporate,Kochi,Kerala,South
CUST-0367,Kritika Patel,Consumer,Coimbatore,Tamil Nadu,South
CUST-0368,Rekha Ansari,Consumer,Guwahati,Assam,East
CUST-0369,Pranav Agarwal,Consumer,Hyderabad,Telangana,South
CUST-0370,Sai Machale,Consumer,Kolkata,West Bengal,East
CUST-0371,Meera Pandey,Consumer,Navi Mumbai,Maharashtra,West
CUST-0372,Isha Chavan 372,Consumer,Gurugram,Haryana,North
CUST-0373,Sneha Joshi,Small Business,Lucknow,Uttar Pradesh,North
CUST-0374,Saurabh Verma 374,Small Business,Mysuru,Karnataka,South
CUST-0375,Sai Joshi,Consumer,Ludhiana,Punjab,North
CUST-0376,Saurabh Ansari,Consumer,Noida,Uttar Pradesh,North
CUST-0377,Avni Khan,Corporate,Patna,Bihar,East
CUST-0378,Nandini Patel 378,Consumer,Mysuru,Karnataka,South
CUST-0379,Reyansh Kulkarni,Consumer,Kolkata,West Bengal,East
CUST-0380,Nandini Bansal,Consumer,Lucknow,Uttar Pradesh,North
CUST-0381,Kritika Kadam 381,Home Office,Lucknow,Uttar Pradesh,North
CUST-0382,Rekha Chavan,Consumer,Bhubaneswar,Odisha,East
CUST-0383,Sai Iyer,Corporate,Kolkata,West Bengal,East
CUST-0384,Rohan Agarwal,Corporate,New Delhi,Delhi,North
CUST-0385,Priya Gupta 385,Consumer,Ranchi,Jharkhand,East
CUST-0386,Vivaan Pillai,Consumer,Kochi,Kerala,South
CUST-0387,Saanvi Reddy,Consumer,Raipur,Chhattisgarh,Central
CUST-0388,Krishna Singh,Consumer,Ahmedabad,Gujarat,West
CUST-0389,Reyansh Joshi,Corporate,Navi Mumbai,Maharashtra,West
CUST-0390,Sakshi Singh,Consumer,Kolkata,West Bengal,East
CUST-0391,Diya Agarwal,Corporate,Noida,Uttar Pradesh,North
CUST-0392,Aditya Shaikh 392,Corporate,Puducherry,Puducherry,South
CUST-0393,Ira Ansari,Corporate,Hyderabad,Telangana,South
CUST-0394,Saurabh Mehta 394,Consumer,Shimla,Himachal Pradesh,North
CUST-0395,Sneha Saxena,Consumer,Gurugram,Haryana,North
CUST-0396,Isha Ansari,Corporate,Gangtok,Sikkim,East
CUST-0397,Nikhil Joshi,Small Business,Patna,Bihar,East
CUST-0398,Aadhya Pandey,Home Office,New Delhi,Delhi,North
CUST-0399,Vihaan Chavan,Home Office,Agartala,Tripura,East
CUST-0400,Meera Malhotra,Corporate,Jaipur,Rajasthan,West
CUST-0401,Priya Bansal,Consumer,Panaji,Goa,West
CUST-0402,Ananya Nair,Home Office,Guwahati,Assam,East
CUST-0403,Ishaan Agarwal,Consumer,Ranchi,Jharkhand,East
CUST-0404,Myra Agarwal,Home Office,Guwahati,Assam,East
CUST-0405,Vivaan Shaikh,Consumer,Nagpur,Maharashtra,West
CUST-0406,Pranav Mehta,Small Business,Kolkata,West Bengal,East
CUST-0407,Pranav Mehta 407,Consumer,Pune,Maharashtra,West
CUST-0408,Reyansh Agarwal 408,Corporate,Mysuru,Karnataka,South
CUST-0409,Krishna Patel,Home Office,Hyderabad,Telangana,South
CUST-0410,Sneha Bhosale,Corporate,New Delhi,Delhi,North
CUST-0411,Sneha Ansari 411,Home Office,Mumbai,Maharashtra,West
CUST-0412,Vivaan Nair,Home Office,Chandigarh,Chandigarh,North
CUST-0413,Meera Sawant,Consumer,Ranchi,Jharkhand,East
CUST-0414,Avni Mehta,Consumer,Kochi,Kerala,South
CUST-0415,Ira Shaikh,Consumer,Gangtok,Sikkim,East
CUST-0416,Pooja Machale,Corporate,Pune,Maharashtra,West
CUST-0417,Isha Mehta 417,Consumer,Lucknow,Uttar Pradesh,North
CUST-0418,Aarav Machale,Consumer,Coimbatore,Tamil Nadu,South
CUST-0419,Kunal Yadav,Consumer,Surat,Gujarat,West
CUST-0420,Pranav Gupta,Consumer,Pune,Maharashtra,West
CUST-0421,Sneha Patel,Small Business,Kolkata,West Bengal,East
CUST-0422,Anika Sawant,Consumer,Pune,Maharashtra,West
CUST-0423,Arjun Pillai,Corporate,Shimla,Himachal Pradesh,North
CUST-0424,Reyansh Mishra 424,Consumer,Mysuru,Karnataka,South
CUST-0425,Rahul Kulkarni,Home Office,Mysuru,Karnataka,South
CUST-0426,Diya Agarwal 426,Small Business,Gangtok,Sikkim,East
CUST-0427,Sneha Chavan,Home Office,Ludhiana,Punjab,North
CUST-0428,Arjun Bhosale,Consumer,Gangtok,Sikkim,East
CUST-0429,Aadhya Patel,Home Office,Gurugram,Haryana,North
CUST-0430,Siddhesh Malhotra,Consumer,Kochi,Kerala,South
CUST-0431,Riya Deshmukh,Consumer,Bengaluru,Karnataka,South
CUST-0432,Aadhya Iyer 432,Home Office,Coimbatore,Tamil Nadu,South
CUST-0433,Vihaan Bansal 433,Consumer,Mysuru,Karnataka,South
CUST-0434,Pranav Shaikh,Corporate,Bhubaneswar,Odisha,East
CUST-0435,Nikhil Reddy,Consumer,Ludhiana,Punjab,North
CUST-0436,Pooja Pillai,Home Office,Chennai,Tamil Nadu,South
CUST-0437,Omkar Gupta,Corporate,Ranchi,Jharkhand,East
CUST-0438,Diya Kulkarni,Consumer,Hyderabad,Telangana,South
CUST-0439,Sai Reddy,Consumer,Hyderabad,Telangana,South
CUST-0440,Nandini Bhosale 440,Consumer,Ranchi,Jharkhand,East
CUST-0441,Saurabh Pillai,Consumer,Guwahati,Assam,East
CUST-0442,Rahul Machale,Consumer,Ranchi,Jharkhand,East
CUST-0443,Vihaan Gupta 443,Consumer,Bhubaneswar,Odisha,East
CUST-0444,Ananya Sharma,Home Office,Lucknow,Uttar Pradesh,North
CUST-0445,Saurabh Patel,Consumer,New Delhi,Delhi,North
CUST-0446,Pranav Pillai,Small Business,Kolkata,West Bengal,East
CUST-0447,Aditya Machale,Corporate,Lucknow,Uttar Pradesh,North
CUST-0448,Pranav Pillai 448,Corporate,Guwahati,Assam,East
CUST-0449,Isha Singh,Consumer,Puducherry,Puducherry,South
CUST-0450,Kavya Mehta,Consumer,Panaji,Goa,West
CUST-0451,Diya Deshmukh 451,Home Office,Kolkata,West Bengal,East
CUST-0452,Ayaan Nair,Corporate,Bengaluru,Karnataka,South
CUST-0453,Saanvi Machale,Corporate,Hyderabad,Telangana,South
CUST-0454,Pooja Jain 454,Consumer,Panaji,Goa,West
CUST-0455,Arjun Ansari,Home Office,Ludhiana,Punjab,North
CUST-0456,Saurabh Gupta 456,Corporate,Vijayawada,Andhra Pradesh,South
CUST-0457,Arjun Kulkarni,Home Office,Hyderabad,Telangana,South
CUST-0458,Ananya Bhosale 458,Corporate,Ludhiana,Punjab,North
CUST-0459,Neha Mehta,Small Business,Panaji,Goa,West
CUST-0460,Krishna Mehta 460,Consumer,Raipur,Chhattisgarh,Central
CUST-0461,Meera Patil,Consumer,Puducherry,Puducherry,South
CUST-0462,Meera Singh 462,Consumer,Surat,Gujarat,West
CUST-0463,Amit Bhosale,Consumer,Agartala,Tripura,East
CUST-0464,Kunal Agarwal,Consumer,Ahmedabad,Gujarat,West
CUST-0465,Siddhesh Chavan,Consumer,Ahmedabad,Gujarat,West
CUST-0466,Priya Pillai 466,Home Office,New Delhi,Delhi,North
CUST-0467,Meera Chavan,Corporate,Ludhiana,Punjab,North
CUST-0468,Krishna Shaikh,Home Office,Nagpur,Maharashtra,West
CUST-0469,Priya Singh,Consumer,Kochi,Kerala,South
CUST-0470,Siddhesh Malhotra 470,Consumer,Dehradun,Uttarakhand,North
CUST-0471,Priya Saxena,Home Office,Hyderabad,Telangana,South
CUST-0472,Anika Jain,Consumer,Chennai,Tamil Nadu,South
CUST-0473,Rekha Machale 473,Consumer,Surat,Gujarat,West
CUST-0474,Ananya Patil,Consumer,Lucknow,Uttar Pradesh,North
CUST-0475,Sakshi Sawant,Home Office,Mysuru,Karnataka,South
CUST-0476,Isha Patel,Consumer,Pune,Maharashtra,West
CUST-0477,Isha Nair,Corporate,Chandigarh,Chandigarh,North
CUST-0478,Kunal Machale 478,Consumer,Pune,Maharashtra,West
CUST-0479,Riya Iyer,Consumer,Kochi,Kerala,South
CUST-0480,Amit Iyer,Consumer,Gangtok,Sikkim,East
CUST-0481,Vihaan Yadav,Consumer,Guwahati,Assam,East
CUST-0482,Yash Jain,Corporate,Mysuru,Karnataka,South
CUST-0483,Siddhesh Bansal 483,Corporate,Vijayawada,Andhra Pradesh,South
CUST-0484,Rahul Khan,Corporate,New Delhi,Delhi,North
CUST-0485,Neha Kulkarni,Consumer,Jaipur,Rajasthan,West
CUST-0486,Yash Verma,Consumer,Chennai,Tamil Nadu,South
CUST-0487,Ishaan Verma,Consumer,Nagpur,Maharashtra,West
CUST-0488,Nikhil Bansal 488,Consumer,Patna,Bihar,East
CUST-0489,Ananya Agarwal,Small Business,Vijayawada,Andhra Pradesh,South
CUST-0490,Siddhesh Jain 490,Consumer,Noida,Uttar Pradesh,North
CUST-0491,Neha Ansari,Home Office,Raipur,Chhattisgarh,Central
CUST-0492,Pooja Sharma 492,Small Business,Surat,Gujarat,West
CUST-0493,Neha Ansari 493,Consumer,Shimla,Himachal Pradesh,North
CUST-0494,Rahul Patel,Consumer,Nagpur,Maharashtra,West
CUST-0495,Nandini Saxena,Consumer,Agartala,Tripura,East
CUST-0496,Aarav Bansal,Consumer,Jaipur,Rajasthan,West
CUST-0497,Anika Sawant 497,Corporate,Puducherry,Puducherry,South
CUST-0498,Pranav Patel,Consumer,Bhubaneswar,Odisha,East
CUST-0499,Meera Jain 499,Corporate,Puducherry,Puducherry,South
CUST-0500,Arjun Khan 500,Corporate,Guwahati,Assam,East
CUST-0501,Kavya Agarwal 501,Consumer,Panaji,Goa,West
CUST-0502,Reyansh Khan 502,Corporate,Puducherry,Puducherry,South
CUST-0503,Rohan Kulkarni,Corporate,Puducherry,Puducherry,South
CUST-0504,Aadhya Machale 504,Consumer,Bhubaneswar,Odisha,East
CUST-0505,Aditya Patel,Corporate,New Delhi,Delhi,North
CUST-0506,Sneha Joshi 506,Consumer,Gangtok,Sikkim,East
CUST-0507,Neha Singh,Small Business,Vijayawada,Andhra Pradesh,South
CUST-0508,Siddhesh Yadav,Small Business,Bhubaneswar,Odisha,East
CUST-0509,Rekha Patil 509,Consumer,Mysuru,Karnataka,South
CUST-0510,Neha Kulkarni 510,Corporate,Raipur,Chhattisgarh,Central
CUST-0511,Rekha Deshmukh 511,Consumer,Pune,Maharashtra,West
CUST-0512,Ayaan Shaikh,Corporate,Kochi,Kerala,South
CUST-0513,Vivaan Machale,Consumer,Agartala,Tripura,East
CUST-0514,Kritika Patil,Corporate,Dehradun,Uttarakhand,North
CUST-0515,Kritika Deshmukh 515,Consumer,Noida,Uttar Pradesh,North
CUST-0516,Sakshi Mishra,Consumer,Kolkata,West Bengal,East
CUST-0517,Ira Patel,Consumer,Panaji,Goa,West
CUST-0518,Saurabh Reddy 518,Consumer,Patna,Bihar,East
CUST-0519,Saanvi Shaikh 519,Home Office,Agartala,Tripura,East
CUST-0520,Vihaan Bhosale,Consumer,New Delhi,Delhi,North
CUST-0521,Meera Reddy,Consumer,Agartala,Tripura,East
CUST-0522,Siddhesh Yadav 522,Home Office,Gangtok,Sikkim,East
CUST-0523,Rohan Kulkarni 523,Corporate,Coimbatore,Tamil Nadu,South
CUST-0524,Anika Machale,Consumer,Agartala,Tripura,East
CUST-0525,Ira Nair 525,Consumer,Kochi,Kerala,South
CUST-0526,Rekha Mishra,Corporate,Hyderabad,Telangana,South
CUST-0527,Pooja Reddy,Consumer,Agartala,Tripura,East
CUST-0528,Kavya Iyer,Corporate,Panaji,Goa,West
CUST-0529,Riya Khan,Home Office,Bhubaneswar,Odisha,East
CUST-0530,Ishaan Iyer,Consumer,Navi Mumbai,Maharashtra,West
CUST-0531,Sai Pillai,Corporate,Guwahati,Assam,East
CUST-0532,Sneha Jain,Home Office,Gurugram,Haryana,North
CUST-0533,Kavya Malhotra,Consumer,Chennai,Tamil Nadu,South
CUST-0534,Sakshi Sawant 534,Consumer,Shimla,Himachal Pradesh,North
CUST-0535,Priya Mehta,Consumer,Dehradun,Uttarakhand,North
CUST-0536,Kunal Reddy 536,Consumer,Agartala,Tripura,East
CUST-0537,Krishna Sharma,Consumer,Noida,Uttar Pradesh,North
CUST-0538,Sneha Deshmukh 538,Corporate,Gurugram,Haryana,North
CUST-0539,Avni Reddy 539,Corporate,Hyderabad,Telangana,South
CUST-0540,Sai Chavan,Consumer,Dehradun,Uttarakhand,North
CUST-0541,Aditya Malhotra,Consumer,Ludhiana,Punjab,North
CUST-0542,Diya Malhotra,Small Business,Navi Mumbai,Maharashtra,West
CUST-0543,Amit Pandey,Consumer,Raipur,Chhattisgarh,Central
CUST-0544,Avni Saxena,Consumer,Navi Mumbai,Maharashtra,West
CUST-0545,Isha Machale,Small Business,Jaipur,Rajasthan,West
CUST-0546,Rohan Iyer,Small Business,Gangtok,Sikkim,East
CUST-0547,Riya Joshi,Home Office,Raipur,Chhattisgarh,Central
CUST-0548,Krishna Bansal,Consumer,Gangtok,Sikkim,East
CUST-0549,Ayaan Reddy,Corporate,Noida,Uttar Pradesh,North
CUST-0550,Anika Bhosale,Consumer,Ludhiana,Punjab,North
CUST-0551,Rohan Pandey 551,Corporate,Hyderabad,Telangana,South
CUST-0552,Aadhya Yadav 552,Home Office,Bhubaneswar,Odisha,East
CUST-0553,Neha Reddy,Consumer,Surat,Gujarat,West
CUST-0554,Reyansh Yadav,Consumer,New Delhi,Delhi,North
CUST-0555,Ira Sharma,Consumer,Bengaluru,Karnataka,South
CUST-0556,Saurabh Mishra,Small Business,Chennai,Tamil Nadu,South
CUST-0557,Rekha Patil 557,Consumer,Mumbai,Maharashtra,West
CUST-0558,Pranav Bhosale,Consumer,Shimla,Himachal Pradesh,North
CUST-0559,Ayaan Ansari 559,Consumer,Kochi,Kerala,South
CUST-0560,Neha Malhotra,Corporate,Kochi,Kerala,South
CUST-0561,Avni Pillai 561,Consumer,Dehradun,Uttarakhand,North
CUST-0562,Krishna Deshmukh,Consumer,Lucknow,Uttar Pradesh,North
CUST-0563,Nandini Pillai,Corporate,Patna,Bihar,East
CUST-0564,Sneha Mishra,Corporate,Chandigarh,Chandigarh,North
CUST-0565,Nandini Bansal 565,Consumer,Surat,Gujarat,West
CUST-0566,Priya Bhosale,Consumer,Puducherry,Puducherry,South
CUST-0567,Isha Verma 567,Home Office,Nagpur,Maharashtra,West
CUST-0568,Neha Jain,Consumer,Lucknow,Uttar Pradesh,North
CUST-0569,Priya Ansari 569,Corporate,Panaji,Goa,West
CUST-0570,Kritika Deshmukh 570,Home Office,Surat,Gujarat,West
CUST-0571,Saurabh Pandey,Consumer,Nagpur,Maharashtra,West
CUST-0572,Neha Shaikh,Corporate,Gangtok,Sikkim,East
CUST-0573,Meera Ansari 573,Corporate,Kochi,Kerala,South
CUST-0574,Amit Nair 574,Corporate,Mumbai,Maharashtra,West
CUST-0575,Kritika Gupta,Consumer,Navi Mumbai,Maharashtra,West
CUST-0576,Arjun Kulkarni 576,Small Business,Nagpur,Maharashtra,West
CUST-0577,Arjun Malhotra,Consumer,Agartala,Tripura,East
CUST-0578,Kunal Yadav 578,Corporate,New Delhi,Delhi,North
CUST-0579,Kunal Pillai 579,Consumer,Kolkata,West Bengal,East
CUST-0580,Nikhil Khan 580,Corporate,Surat,Gujarat,West
CUST-0581,Riya Singh 581,Consumer,Coimbatore,Tamil Nadu,South
CUST-0582,Riya Khan 582,Corporate,New Delhi,Delhi,North
CUST-0583,Myra Agarwal 583,Corporate,Mumbai,Maharashtra,West
CUST-0584,Rekha Ansari 584,Consumer,Ranchi,Jharkhand,East
CUST-0585,Myra Mehta 585,Consumer,Gangtok,Sikkim,East
CUST-0586,Kavya Jain 586,Consumer,Panaji,Goa,West
CUST-0587,Kunal Machale 587,Consumer,Pune,Maharashtra,West
CUST-0588,Arjun Verma,Consumer,Navi Mumbai,Maharashtra,West
CUST-0589,Vihaan Mehta 589,Consumer,Navi Mumbai,Maharashtra,West
CUST-0590,Myra Kulkarni,Corporate,Chandigarh,Chandigarh,North
CUST-0591,Vihaan Singh 591,Consumer,Hyderabad,Telangana,South
CUST-0592,Isha Reddy,Consumer,Vijayawada,Andhra Pradesh,South
CUST-0593,Ishaan Kadam 593,Consumer,Dehradun,Uttarakhand,North
CUST-0594,Kavya Patel 594,Corporate,Ludhiana,Punjab,North
CUST-0595,Omkar Kulkarni 595,Consumer,Raipur,Chhattisgarh,Central
CUST-0596,Rahul Chavan,Corporate,Kolkata,West Bengal,East
CUST-0597,Siddhesh Bhosale,Consumer,Patna,Bihar,East
CUST-0598,Rekha Khan 598,Corporate,Ludhiana,Punjab,North
CUST-0599,Sneha Mehta 599,Consumer,Dehradun,Uttarakhand,North
CUST-0600,Ishaan Pandey,Home Office,Gangtok,Sikkim,East
CUST-0601,Meera Shaikh,Corporate,Patna,Bihar,East
CUST-0602,Krishna Khan,Consumer,Shimla,Himachal Pradesh,North
CUST-0603,Rohan Chavan,Small Business,Surat,Gujarat,West
CUST-0604,Pranav Gupta 604,Consumer,Gurugram,Haryana,North
CUST-0605,Nikhil Kadam 605,Home Office,Navi Mumbai,Maharashtra,West
CUST-0606,Aadhya Pandey 606,Consumer,Chandigarh,Chandigarh,North
CUST-0607,Rohan Iyer 607,Consumer,Mumbai,Maharashtra,West
CUST-0608,Aadhya Sawant,Corporate,Panaji,Goa,West
CUST-0609,Sneha Malhotra,Corporate,Shimla,Himachal Pradesh,North
CUST-0610,Saanvi Khan,Corporate,Shimla,Himachal Pradesh,North
CUST-0611,Avni Khan 611,Consumer,Gangtok,Sikkim,East
CUST-0612,Rahul Iyer 612,Consumer,Bengaluru,Karnataka,South
CUST-0613,Pooja Ansari 613,Home Office,Jaipur,Rajasthan,West
CUST-0614,Sneha Mishra 614,Home Office,Vijayawada,Andhra Pradesh,South
CUST-0615,Pranav Reddy,Consumer,Patna,Bihar,East
CUST-0616,Myra Sawant,Consumer,Lucknow,Uttar Pradesh,North
CUST-0617,Meera Malhotra 617,Consumer,Patna,Bihar,East
CUST-0618,Aadhya Reddy,Consumer,Dehradun,Uttarakhand,North
CUST-0619,Ira Deshmukh,Consumer,Mysuru,Karnataka,South
CUST-0620,Pooja Sawant,Consumer,Raipur,Chhattisgarh,Central
CUST-0621,Rahul Yadav,Corporate,New Delhi,Delhi,North
CUST-0622,Pooja Yadav,Consumer,Nagpur,Maharashtra,West
CUST-0623,Arjun Agarwal,Corporate,Nagpur,Maharashtra,West
CUST-0624,Kunal Singh,Consumer,Dehradun,Uttarakhand,North
CUST-0625,Ishaan Sharma,Consumer,Chandigarh,Chandigarh,North
CUST-0626,Pranav Patel 626,Corporate,Agartala,Tripura,East
CUST-0627,Vivaan Sharma,Consumer,Patna,Bihar,East
CUST-0628,Priya Sawant,Consumer,Chennai,Tamil Nadu,South
CUST-0629,Avni Sharma 629,Home Office,Ranchi,Jharkhand,East
CUST-0630,Diya Verma,Consumer,Jaipur,Rajasthan,West
CUST-0631,Ira Jain,Home Office,Bengaluru,Karnataka,South
CUST-0632,Kavya Pandey 632,Consumer,Bhubaneswar,Odisha,East
CUST-0633,Amit Ansari,Small Business,Shimla,Himachal Pradesh,North
CUST-0634,Myra Iyer,Corporate,Surat,Gujarat,West
CUST-0635,Aditya Gupta,Consumer,Bhubaneswar,Odisha,East
CUST-0636,Meera Deshmukh,Corporate,Nagpur,Maharashtra,West
CUST-0637,Ananya Gupta 637,Home Office,Raipur,Chhattisgarh,Central
CUST-0638,Rohan Patil,Home Office,Jaipur,Rajasthan,West
CUST-0639,Aditya Mehta,Home Office,Chandigarh,Chandigarh,North
CUST-0640,Isha Deshmukh,Consumer,Chennai,Tamil Nadu,South
CUST-0641,Arjun Kadam 641,Home Office,Chennai,Tamil Nadu,South
CUST-0642,Isha Kadam,Consumer,Navi Mumbai,Maharashtra,West
CUST-0643,Siddhesh Sharma,Corporate,Chandigarh,Chandigarh,North
CUST-0644,Amit Malhotra,Consumer,Ahmedabad,Gujarat,West
CUST-0645,Isha Mehta 645,Corporate,Kolkata,West Bengal,East
CUST-0646,Riya Reddy 646,Corporate,Kolkata,West Bengal,East
CUST-0647,Krishna Pandey 647,Consumer,Surat,Gujarat,West
CUST-0648,Rahul Patel 648,Consumer,Jaipur,Rajasthan,West
CUST-0649,Arjun Reddy,Small Business,Bhubaneswar,Odisha,East
CUST-0650,Siddhesh Sharma 650,Corporate,Chennai,Tamil Nadu,South
CUST-0651,Saurabh Deshmukh,Consumer,Dehradun,Uttarakhand,North
CUST-0652,Nikhil Shaikh,Corporate,Ludhiana,Punjab,North
CUST-0653,Nikhil Gupta,Corporate,Hyderabad,Telangana,South
CUST-0654,Arjun Gupta,Consumer,Chennai,Tamil Nadu,South
CUST-0655,Ishaan Sawant,Consumer,Kolkata,West Bengal,East
CUST-0656,Reyansh Gupta,Small Business,Mumbai,Maharashtra,West
CUST-0657,Saurabh Pillai 657,Consumer,Chennai,Tamil Nadu,South
CUST-0658,Sai Yadav 658,Consumer,Ranchi,Jharkhand,East
CUST-0659,Meera Joshi,Consumer,Patna,Bihar,East
CUST-0660,Sai Pillai 660,Corporate,Surat,Gujarat,West
CUST-0661,Siddhesh Bansal 661,Consumer,Kolkata,West Bengal,East
CUST-0662,Kunal Khan 662,Corporate,Surat,Gujarat,West
CUST-0663,Meera Saxena 663,Corporate,Shimla,Himachal Pradesh,North
CUST-0664,Ananya Kadam 664,Consumer,Kolkata,West Bengal,East
CUST-0665,Kavya Iyer 665,Consumer,Chennai,Tamil Nadu,South
CUST-0666,Arjun Yadav 666,Consumer,Ranchi,Jharkhand,East
CUST-0667,Rekha Deshmukh 667,Consumer,Ahmedabad,Gujarat,West
CUST-0668,Ira Sawant,Corporate,Raipur,Chhattisgarh,Central
CUST-0669,Aadhya Ansari,Consumer,Jaipur,Rajasthan,West
CUST-0670,Aarav Khan,Home Office,Mysuru,Karnataka,South
CUST-0671,Nikhil Pandey,Consumer,Mysuru,Karnataka,South
CUST-0672,Omkar Agarwal,Consumer,New Delhi,Delhi,North
CUST-0673,Nandini Bhosale 673,Consumer,Gurugram,Haryana,North
CUST-0674,Diya Khan,Consumer,Vijayawada,Andhra Pradesh,South
CUST-0675,Pooja Patil,Consumer,Shimla,Himachal Pradesh,North
CUST-0676,Kavya Agarwal 676,Consumer,Bhubaneswar,Odisha,East
CUST-0677,Isha Jain 677,Corporate,Ludhiana,Punjab,North
CUST-0678,Meera Sharma,Small Business,Gangtok,Sikkim,East
CUST-0679,Saanvi Ansari,Home Office,Hyderabad,Telangana,South
CUST-0680,Arjun Agarwal 680,Corporate,Patna,Bihar,East
CUST-0681,Krishna Chavan 681,Consumer,Kochi,Kerala,South
CUST-0682,Ishaan Bhosale,Corporate,Ranchi,Jharkhand,East
CUST-0683,Arjun Ansari 683,Corporate,Agartala,Tripura,East
CUST-0684,Riya Joshi 684,Consumer,Patna,Bihar,East
CUST-0685,Pranav Bhosale 685,Consumer,Surat,Gujarat,West
CUST-0686,Ira Kadam 686,Consumer,Coimbatore,Tamil Nadu,South
CUST-0687,Sakshi Patel,Small Business,Bhubaneswar,Odisha,East
CUST-0688,Rohan Pandey 688,Consumer,Ranchi,Jharkhand,East
CUST-0689,Reyansh Nair,Consumer,Dehradun,Uttarakhand,North
CUST-0690,Priya Kulkarni 690,Consumer,Dehradun,Uttarakhand,North
CUST-0691,Amit Ansari 691,Consumer,Lucknow,Uttar Pradesh,North
CUST-0692,Vivaan Deshmukh,Consumer,Jaipur,Rajasthan,West
CUST-0693,Sai Verma,Consumer,Lucknow,Uttar Pradesh,North
CUST-0694,Rohan Ansari,Consumer,Chandigarh,Chandigarh,North
CUST-0695,Rahul Deshmukh,Consumer,Jaipur,Rajasthan,West
CUST-0696,Saurabh Reddy 696,Consumer,Ahmedabad,Gujarat,West
CUST-0697,Ayaan Sharma 697,Corporate,Mysuru,Karnataka,South
CUST-0698,Ananya Malhotra,Consumer,Shimla,Himachal Pradesh,North
CUST-0699,Meera Yadav,Corporate,Mysuru,Karnataka,South
CUST-0700,Yash Mehta 700,Corporate,Bhubaneswar,Odisha,East
CUST-0701,Diya Chavan,Consumer,Ranchi,Jharkhand,East
CUST-0702,Sakshi Saxena 702,Consumer,Gurugram,Haryana,North
CUST-0703,Omkar Khan,Corporate,Mumbai,Maharashtra,West
CUST-0704,Saanvi Nair,Corporate,Ahmedabad,Gujarat,West
CUST-0705,Riya Yadav,Consumer,Puducherry,Puducherry,South
CUST-0706,Yash Verma 706,Corporate,Bengaluru,Karnataka,South
CUST-0707,Pooja Joshi,Corporate,Vijayawada,Andhra Pradesh,South
CUST-0708,Sakshi Khan,Consumer,Panaji,Goa,West
CUST-0709,Yash Machale,Home Office,Ludhiana,Punjab,North
CUST-0710,Rekha Malhotra 710,Corporate,Surat,Gujarat,West
CUST-0711,Siddhesh Verma,Consumer,Shimla,Himachal Pradesh,North
CUST-0712,Diya Pillai,Consumer,Lucknow,Uttar Pradesh,North
CUST-0713,Kunal Machale 713,Corporate,New Delhi,Delhi,North
CUST-0714,Omkar Yadav 714,Corporate,Raipur,Chhattisgarh,Central
CUST-0715,Diya Kulkarni 715,Consumer,Noida,Uttar Pradesh,North
CUST-0716,Krishna Yadav,Home Office,Vijayawada,Andhra Pradesh,South
CUST-0717,Sakshi Patel 717,Small Business,Coimbatore,Tamil Nadu,South
CUST-0718,Pooja Singh,Home Office,Gurugram,Haryana,North
CUST-0719,Meera Joshi 719,Consumer,Raipur,Chhattisgarh,Central
CUST-0720,Pooja Shaikh,Consumer,Guwahati,Assam,East
